key,key_kst,btc48,mov,c2,backfill
2026-10-01 01:00:00,2026-10-01 10:00:00,0.393,16.7,1,0
2026-10-01 02:00:00,2026-10-01 11:00:00,0.549,16.7,1,0
2026-10-01 03:00:00,2026-10-01 12:00:00,0.623,20.0,1,0
2026-10-01 04:00:00,2026-10-01 13:00:00,0.828,20.0,1,0
2026-10-01 05:00:00,2026-10-01 14:00:00,1.086,20.0,1,0
2026-10-01 06:00:00,2026-10-01 15:00:00,1.036,16.7,1,0
2026-10-01 07:00:00,2026-10-01 16:00:00,0.138,10.0,1,0
2026-10-01 08:00:00,2026-10-01 17:00:00,-0.676,6.7,1,0
2026-10-01 09:00:00,2026-10-01 18:00:00,-0.369,0.0,1,0
2026-10-01 10:00:00,2026-10-01 19:00:00,-0.552,3.3,1,0
2026-10-01 11:00:00,2026-10-01 20:00:00,-0.062,3.3,1,0
2026-10-01 12:00:00,2026-10-01 21:00:00,-0.508,0.0,1,0
2026-10-01 13:00:00,2026-10-01 22:00:00,-0.686,0.0,1,0
2026-10-01 14:00:00,2026-10-01 23:00:00,-0.3,0.0,1,0
2026-10-01 15:00:00,2026-10-02 00:00:00,0.36,0.0,1,0
2026-10-01 16:00:00,2026-10-02 01:00:00,1.306,0.0,1,0
2026-10-01 17:00:00,2026-10-02 02:00:00,1.374,0.0,1,0
2026-10-01 18:00:00,2026-10-02 03:00:00,2.186,3.3,1,0
2026-10-01 19:00:00,2026-10-02 04:00:00,1.376,3.3,1,0
2026-10-01 20:00:00,2026-10-02 05:00:00,1.276,3.3,1,0
2026-10-01 21:00:00,2026-10-02 06:00:00,1.2,3.3,1,0
2026-10-01 22:00:00,2026-10-02 07:00:00,1.231,0.0,1,0
2026-10-01 23:00:00,2026-10-02 08:00:00,1.354,0.0,1,0
2026-10-02 00:00:00,2026-10-02 09:00:00,1.444,0.0,1,0
2026-10-02 01:00:00,2026-10-02 10:00:00,1.6,0.0,1,0
2026-10-02 02:00:00,2026-10-02 11:00:00,1.748,0.0,1,0
2026-10-02 03:00:00,2026-10-02 12:00:00,2.168,0.0,1,0
2026-10-02 04:00:00,2026-10-02 13:00:00,2.643,3.3,1,0
2026-10-02 05:00:00,2026-10-02 14:00:00,4.149,3.3,0,0
2026-10-02 06:00:00,2026-10-02 15:00:00,3.139,3.3,0,0
2026-10-02 07:00:00,2026-10-02 16:00:00,3.551,3.3,0,0
2026-10-02 08:00:00,2026-10-02 17:00:00,3.391,3.3,0,0
2026-10-02 09:00:00,2026-10-02 18:00:00,3.832,3.3,0,0
2026-10-02 10:00:00,2026-10-02 19:00:00,3.269,3.3,0,0
2026-10-02 11:00:00,2026-10-02 20:00:00,2.841,3.3,1,0
2026-10-02 12:00:00,2026-10-02 21:00:00,2.979,3.3,1,0
2026-10-02 13:00:00,2026-10-02 22:00:00,1.769,3.3,1,0
2026-10-02 14:00:00,2026-10-02 23:00:00,2.277,6.7,1,0
2026-10-02 15:00:00,2026-10-03 00:00:00,2.257,6.7,1,0
2026-10-02 16:00:00,2026-10-03 01:00:00,1.416,6.7,1,0
2026-10-02 17:00:00,2026-10-03 02:00:00,0.967,13.3,1,0
2026-10-02 18:00:00,2026-10-03 03:00:00,0.901,10.0,1,0
2026-10-02 19:00:00,2026-10-03 04:00:00,0.37,13.3,1,0
2026-10-02 20:00:00,2026-10-03 05:00:00,0.841,10.0,1,0
2026-10-02 21:00:00,2026-10-03 06:00:00,0.928,20.0,1,0
2026-10-02 22:00:00,2026-10-03 07:00:00,0.915,13.3,1,0
2026-10-02 23:00:00,2026-10-03 08:00:00,1.035,10.0,1,0
2026-10-03 00:00:00,2026-10-03 09:00:00,1.078,13.3,1,0
2026-10-03 01:00:00,2026-10-03 10:00:00,1.37,10.0,1,0
2026-10-03 02:00:00,2026-10-03 11:00:00,1.341,10.0,1,0
2026-10-03 03:00:00,2026-10-03 12:00:00,1.324,13.3,1,0
2026-10-03 04:00:00,2026-10-03 13:00:00,1.108,10.0,1,0
2026-10-03 05:00:00,2026-10-03 14:00:00,0.561,10.0,1,0
