run_utc,run_kst,keys,signals,fails,errors,sec,status
2026-09-30 21:41:00,2026-10-01 06:41:00,72,12,0,,100,ok
2026-10-01 01:15:00,2026-10-01 10:15:00,4,0,0,,34,ok
2026-10-01 08:49:00,2026-10-01 17:49:00,7,0,0,,81,ok
2026-10-01 16:22:00,2026-10-02 01:22:00,8,1,0,,40,ok
2026-10-01 21:47:00,2026-10-02 06:47:00,5,0,0,,35,ok
2026-10-02 01:38:00,2026-10-02 10:38:00,4,0,0,,39,ok
2026-10-02 08:25:00,2026-10-02 17:25:00,7,3,0,,66,ok
2026-10-02 15:44:00,2026-10-03 00:44:00,7,0,0,,56,ok
2026-10-02 20:40:00,2026-10-03 05:40:00,5,1,0,,70,ok
2026-10-03 00:26:00,2026-10-03 09:26:00,4,0,0,,47,ok
2026-10-03 06:25:00,2026-10-03 15:25:00,6,1,0,,67,ok
2026-10-03 12:28:00,2026-10-03 21:28:00,6,0,0,,40,ok
2026-10-03 17:13:00,2026-10-04 02:13:00,5,0,0,,48,ok
2026-10-03 21:10:00,2026-10-04 06:10:00,4,0,0,,68,ok
2026-10-04 00:34:00,2026-10-04 09:34:00,3,0,0,,44,ok
2026-10-04 06:48:00,2026-10-04 15:48:00,6,0,0,,39,ok
2026-10-04 13:10:00,2026-10-04 22:10:00,7,0,0,,40,ok
2026-10-04 18:07:00,2026-10-05 03:07:00,5,2,0,,72,ok
2026-10-04 22:19:00,2026-10-05 07:19:00,4,2,0,,34,ok
2026-10-05 01:55:00,2026-10-05 10:55:00,3,2,0,,82,ok
2026-10-05 08:54:00,2026-10-05 17:54:00,7,4,0,,42,ok
2026-10-05 18:21:00,2026-10-06 03:21:00,10,1,0,,53,ok
2026-10-06 00:46:00,2026-10-06 09:46:00,6,3,0,,33,ok
2026-10-06 07:30:00,2026-10-06 16:30:00,7,0,0,,34,ok
2026-10-06 15:04:00,2026-10-07 00:04:00,8,8,0,,44,ok
2026-10-06 20:15:00,2026-10-07 05:15:00,5,0,0,,55,ok
