key,key_kst,sym,bar,entry_dt,entry_kst,ep,stop0,stop_pct,valid,sl1h,vmult,reb30,reb60,btc48,r48,rs48,week,backfill,nsig,quiet,alone,crowd,T,taken,skip
2026-09-28 00:00:00,2026-09-28 09:00:00,ONDO,2026-09-28 00:30:00,2026-09-28 01:00:00,2026-09-28 10:00:00,0.5634,0.55,2.378,1,6.846,1.745,6.846,95.091,0.45,7.121,6.67,2026-09-28,1,1,1,1,0,1,1,
2026-09-28 12:00:00,2026-09-28 21:00:00,LINK,2026-09-28 12:00:00,2026-09-28 12:30:00,2026-09-28 21:30:00,14.716,13.533,8.039,1,8.742,2.769,8.742,78.501,-1.269,-1.36,-0.09,2026-09-28,1,1,1,1,0,1,1,
2026-09-29 12:00:00,2026-09-29 21:00:00,XRP,2026-09-29 12:30:00,2026-09-29 13:00:00,2026-09-29 22:00:00,1.5468,1.5014,2.935,1,5.576,2.834,5.576,53.902,-0.644,-1.366,-0.722,2026-09-28,1,1,1,1,0,1,1,
2026-09-29 14:00:00,2026-09-29 23:00:00,XRP,2026-09-29 14:30:00,2026-09-29 15:00:00,2026-09-30 00:00:00,1.5449,1.5074,2.427,1,5.447,1.936,5.447,57.079,-0.975,1.025,1.999,2026-09-28,1,1,1,1,0,1,0,보유 중
2026-09-30 09:00:00,2026-09-30 18:00:00,WLD,2026-09-30 09:30:00,2026-09-30 10:00:00,2026-09-30 19:00:00,0.5133,0.4927,4.013,1,7.452,1.826,8.819,75.64,0.111,0.586,0.475,2026-09-28,1,1,1,1,0,1,1,
2026-09-30 12:00:00,2026-09-30 21:00:00,1000PEPE,2026-09-30 12:30:00,2026-09-30 13:00:00,2026-09-30 22:00:00,0.0044189,0.0043166,2.315,1,6.124,1.958,6.124,72.298,0.985,3.279,2.294,2026-09-28,1,2,1,0,0,0,1,
2026-09-30 12:00:00,2026-09-30 21:00:00,ADA,2026-09-30 12:30:00,2026-09-30 13:00:00,2026-09-30 22:00:00,0.2538,0.2465,2.876,1,5.927,1.889,5.927,46.549,0.985,1.14,0.155,2026-09-28,1,2,1,0,0,0,1,
2026-09-30 13:00:00,2026-09-30 22:00:00,SUI,2026-09-30 13:00:00,2026-09-30 13:30:00,2026-09-30 22:30:00,1.2014,1.1384,5.244,1,6.621,2.283,6.621,87.026,2.049,-0.377,-2.427,2026-09-28,1,2,1,0,0,0,1,
2026-09-30 13:00:00,2026-09-30 22:00:00,1000PEPE,2026-09-30 13:30:00,2026-09-30 14:00:00,2026-09-30 23:00:00,0.0044078,0.0043166,2.069,1,5.857,2.83,5.857,74.798,2.049,3.125,1.076,2026-09-28,1,2,1,0,0,0,0,보유 중
2026-09-30 14:00:00,2026-09-30 23:00:00,ENA,2026-09-30 14:30:00,2026-09-30 15:00:00,2026-10-01 00:00:00,0.26409,0.25239,4.43,1,8.563,1.524,8.563,251.426,1.185,3.29,2.105,2026-09-28,1,1,1,1,0,1,1,
2026-09-30 16:00:00,2026-10-01 01:00:00,HYPE,2026-09-30 16:30:00,2026-09-30 17:00:00,2026-10-01 02:00:00,90.267,84.55,6.333,1,6.762,4.268,6.762,71.445,0.919,-0.666,-1.585,2026-09-28,1,1,1,1,0,1,1,
2026-09-30 17:00:00,2026-10-01 02:00:00,HYPE,2026-09-30 17:00:00,2026-09-30 17:30:00,2026-10-01 02:30:00,89.901,84.55,5.952,1,6.329,2.416,6.329,76.548,0.751,1.71,0.959,2026-09-28,1,1,1,1,0,1,0,보유 중
