id,status,sym,entry_kst,ep,stop0,stop_pct,exit_kst,exit_px,reason,ret,R,hold_h,c2,mov,T,quiet,alone,crowd,nsig,btc48,rs48,reb60,backfill,key,key_kst,bar,entry_dt,valid,sl1h,vmult,reb30,r48,week,exit_bar,exit_dt,ret_raw,bars,mae,mfe,stop_now,unreal,hiR
ONDO-2026-09-28 00:30:00,closed,ONDO,2026-09-28 10:00:00,0.5634,0.55,2.378,2026-09-28 15:00:00,0.5685002568695219,트레일,0.8053,0.381,5.0,,,1,1,1,0,1,0.45,6.67,95.091,1,2026-09-28 00:00:00,2026-09-28 09:00:00,2026-09-28 00:30:00,2026-09-28 01:00:00,1,6.846,1.745,6.846,7.121,2026-09-28,2026-09-28 05:30:00,2026-09-28 06:00:00,0.9053,10,-1.296,8.058,,,
LINK-2026-09-28 12:00:00,closed,LINK,2026-09-28 21:30:00,14.716,13.533,8.039,2026-09-29 00:00:00,14.21548694991963,손절,-3.5011,-0.423,2.5,,,1,1,1,0,1,-1.269,-0.09,78.501,1,2026-09-28 12:00:00,2026-09-28 21:00:00,2026-09-28 12:00:00,2026-09-28 12:30:00,1,8.742,2.769,8.742,-1.36,2026-09-28,2026-09-28 14:30:00,2026-09-28 15:00:00,-3.4011,5,-4.247,1.06,,,
XRP-2026-09-29 12:30:00,closed,XRP,2026-09-29 22:00:00,1.5468,1.5014,2.935,2026-09-30 00:30:00,1.5209493360854167,손절,-1.7712,-0.569,2.5,,,1,1,1,0,1,-0.644,-0.722,53.902,1,2026-09-29 12:00:00,2026-09-29 21:00:00,2026-09-29 12:30:00,2026-09-29 13:00:00,1,5.576,2.834,5.576,-1.366,2026-09-28,2026-09-29 15:00:00,2026-09-29 15:30:00,-1.6712,5,-2.534,0.886,,,
WLD-2026-09-30 09:30:00,closed,WLD,2026-09-30 19:00:00,0.5133,0.4927,4.013,2026-10-01 00:00:00,0.5335456191380225,트레일,3.8442,0.983,5.0,,,1,1,1,0,1,0.111,0.475,75.64,1,2026-09-30 09:00:00,2026-09-30 18:00:00,2026-09-30 09:30:00,2026-09-30 10:00:00,1,7.452,1.826,8.819,0.586,2026-09-28,2026-09-30 14:30:00,2026-09-30 15:00:00,3.9442,10,-0.857,11.26,,,
1000PEPE-2026-09-30 12:30:00,closed,1000PEPE,2026-09-30 22:00:00,0.0044189,0.0043166,2.315,2026-09-30 23:00:00,0.0043628280287768,손절,-1.3689,-0.548,1.0,,,0,1,0,0,2,0.985,2.294,72.298,1,2026-09-30 12:00:00,2026-09-30 21:00:00,2026-09-30 12:30:00,2026-09-30 13:00:00,1,6.124,1.958,6.124,3.279,2026-09-28,2026-09-30 13:30:00,2026-09-30 14:00:00,-1.2689,2,-1.967,2.021,,,
ADA-2026-09-30 12:30:00,closed,ADA,2026-09-30 22:00:00,0.2538,0.2465,2.876,2026-09-30 23:30:00,0.247970871084571,손절,-2.3967,-0.799,1.5,,,0,1,0,0,2,0.985,0.155,46.549,1,2026-09-30 12:00:00,2026-09-30 21:00:00,2026-09-30 12:30:00,2026-09-30 13:00:00,1,5.927,1.889,5.927,1.14,2026-09-28,2026-09-30 14:00:00,2026-09-30 14:30:00,-2.2967,3,-3.507,1.221,,,
SUI-2026-09-30 13:00:00,closed,SUI,2026-09-30 22:30:00,1.2014,1.1384,5.244,2026-09-30 23:30:00,1.154494543009961,손절,-4.0042,-0.745,1.0,,,0,1,0,0,2,2.049,-2.427,87.026,1,2026-09-30 13:00:00,2026-09-30 22:00:00,2026-09-30 13:00:00,2026-09-30 13:30:00,1,6.621,2.283,6.621,-0.377,2026-09-28,2026-09-30 14:00:00,2026-09-30 14:30:00,-3.9042,2,-4.062,0.499,,,
ENA-2026-09-30 14:30:00,closed,ENA,2026-10-01 00:00:00,0.26409,0.25239,4.43,2026-10-01 06:30:00,0.2589407259713454,손절,-2.0498,-0.44,6.5,,,1,1,1,0,1,1.185,2.105,251.426,1,2026-09-30 14:00:00,2026-09-30 23:00:00,2026-09-30 14:30:00,2026-09-30 15:00:00,1,8.563,1.524,8.563,3.29,2026-09-28,2026-09-30 21:00:00,2026-09-30 21:30:00,-1.9498,13,-1.988,4.245,,,
HYPE-2026-09-30 16:30:00,closed,HYPE,2026-10-01 02:00:00,90.267,84.55,6.333,2026-10-01 03:30:00,88.51891797482149,손절,-2.0366,-0.306,1.5,,,1,1,1,0,1,0.919,-1.585,71.445,1,2026-09-30 16:00:00,2026-10-01 01:00:00,2026-09-30 16:30:00,2026-09-30 17:00:00,1,6.762,4.268,6.762,-0.666,2026-09-28,2026-09-30 18:00:00,2026-09-30 18:30:00,-1.9366,3,-2.237,1.321,,,
UNI-2026-10-01 14:00:00,closed,UNI,2026-10-01 23:30:00,9.198,8.892,3.327,2026-10-02 10:30:00,8.93766357931187,손절,-2.9304,-0.851,11.0,1.0,0.0,1,1,1,0,1,-0.3,0.863,187.958,0,2026-10-01 14:00:00,2026-10-01 23:00:00,2026-10-01 14:00:00,2026-10-01 14:30:00,1,5.301,1.841,5.301,0.563,2026-09-28,2026-10-02 01:00:00,2026-10-02 01:30:00,-2.8304,22,-3.555,0.087,,,
1000PEPE-2026-10-02 04:00:00,closed,1000PEPE,2026-10-02 13:30:00,0.0045729,0.0043773,4.277,2026-10-02 15:00:00,0.004573124012897411,트레일,-0.0951,0.001,1.5,1.0,3.3,0,1,0,0,2,2.643,2.668,77.033,0,2026-10-02 04:00:00,2026-10-02 13:00:00,2026-10-02 04:00:00,2026-10-02 04:30:00,1,7.456,1.959,7.456,5.311,2026-09-28,2026-10-02 05:30:00,2026-10-02 06:00:00,0.0049,3,-0.457,3.921,,,
SOL-2026-10-02 04:30:00,closed,SOL,2026-10-02 14:00:00,123.446,118.543,3.972,2026-10-02 16:30:00,121.19173775562663,손절,-1.9261,-0.46,2.5,1.0,3.3,0,1,0,0,2,2.643,-0.862,68.433,0,2026-10-02 04:00:00,2026-10-02 13:00:00,2026-10-02 04:30:00,2026-10-02 05:00:00,1,5.858,1.679,5.858,1.781,2026-09-28,2026-10-02 07:00:00,2026-10-02 07:30:00,-1.8261,5,-1.911,0.277,,,
LTC-2026-10-02 05:30:00,open,LTC,2026-10-02 15:00:00,70.04,68.56,2.113,,,,,,2.0,0.0,3.3,0,0,1,0,1,4.149,-0.042,60.793,0,2026-10-02 05:00:00,2026-10-02 14:00:00,2026-10-02 05:30:00,2026-10-02 06:00:00,1,5.26,1.612,5.26,4.106,2026-09-28,,,,4,,,68.85328409449731,0.214,0.169
